<?xml version="1.0" encoding="UTF-8"?>
<ti:app xmlns:ti="http://ti.appcelerator.org">
    <id>com.lineartpr.flexigrid</id>
    <name>TiFlexiGrid</name>
    <version>1.0</version>
    <publisher>pablorr18</publisher>
    <url>http://www.lineartpr.com</url>
    <description>not specified</description>
    <copyright>2013 by pablorr18</copyright>
    <icon>appicon.png</icon>
    <persistent-wifi>false</persistent-wifi>
    <prerendered-icon>false</prerendered-icon>
    <statusbar-style>default</statusbar-style>
    <statusbar-hidden>false</statusbar-hidden>
    <fullscreen>false</fullscreen>
    <navbar-hidden>false</navbar-hidden>
    <analytics>true</analytics>
    <guid>77c44e01-56d5-4647-9bfe-81d14c74adbf</guid>
    <property name="ti.ui.defaultunit" type="string">dp</property>
    <iphone>
        <orientations device="iphone">
            <orientation>Ti.UI.PORTRAIT</orientation>
        </orientations>
        <orientations device="ipad">
            <orientation>Ti.UI.PORTRAIT</orientation>
            <orientation>Ti.UI.UPSIDE_PORTRAIT</orientation>
            <orientation>Ti.UI.LANDSCAPE_LEFT</orientation>
            <orientation>Ti.UI.LANDSCAPE_RIGHT</orientation>
        </orientations>
    </iphone>
    <property name="ti.android.fastdev" type="bool">false</property>
    <android xmlns:android="http://schemas.android.com/apk/res/android">
    	<tool-api-level>16</tool-api-level>
        <manifest android:versionCode="1" android:versionName="1.0">
            <supports-screens android:anyDensity="true"
                android:largeScreens="true" android:normalScreens="true"
                android:smallScreens="false" android:xlargeScreens="false"/>
        </manifest>
    </android>
    <mobileweb>
        <precache/>
        <splash>
            <enabled>true</enabled>
            <inline-css-images>true</inline-css-images>
        </splash>
        <theme>default</theme>
    </mobileweb>
    <modules/>
    <deployment-targets>
        <target device="blackberry">false</target>
        <target device="android">true</target>
        <target device="ipad">true</target>
        <target device="iphone">true</target>
        <target device="mobileweb">true</target>
        <target device="tizen">false</target>
    </deployment-targets>
    <sdk-version>3.1.0.GA</sdk-version>
    <plugins>
        <plugin version="1.0">ti.alloy</plugin>
    </plugins>
</ti:app>
